﻿<?xml version="1.0" encoding="utf-8"?>
<pstk xml_version="2.0">
  <type>pstk_install_metadata</type>
  <version>2.5.0.6</version>
  <api_version>v25</api_version>
  <vendor>Tintri</vendor>
  <summary>IntelliFlash Powershell Toolkit</summary>
  <description>IntelliFlash Powershell Toolkit</description>
  <release_date>2022-06-10T09:18:10.7034446-07:00</release_date>
  <filenames>
    <x86>IntelliFlashPowershellToolkitSetupx86.exe</x86>
    <x64>IntelliFlashPowershellToolkitSetupx64.exe</x64>
  </filenames>
</pstk>